district_clean,demo_age_5_17,demo_age_17_,total_enroll
Murshidabad,31110,340843,371953
Uttar Dinajpur,17663,257470,275133
West Medinipur,15111,229939,245050
Malda,18045,200989,219034
Purba Bardhaman,12686,205415,218101
Cooch Behar,10718,183228,193946
Nadia,9451,182892,192343
Jalpaiguri,8504,179007,187511
Hooghly,9420,174056,183476
Purulia,12728,149619,162347
Birbhum,11252,140111,151363
Howrah,6752,141021,147773
Bankura,9441,136386,145827
East Medinipur,10515,118185,128700
Kolkata,3616,102883,106499
Dakshin Dinajpur,5077,86020,91097
Darjeeling,2815,59093,61908
South 24 Parganas,814,41257,42071
North 24 Parganas,279,19456,19735
Paschim Bardhaman,1400,15281,16681
Alipurduar,1375,9459,10834
Jhargram,835,6423,7258
Kalimpong,204,2177,2381
