pincode,demo_age_5_17,demo_age_17_,total_enroll
743329,3730,40215,43945
733207,2306,39826,42132
732125,4049,35559,39608
733202,2372,35933,38305
733134,2294,31280,33574
743502,1987,28570,30557
742202,2643,27251,29894
742135,3050,26104,29154
733210,1696,23020,24716
743338,2137,21447,23584
743355,1241,21650,22891
733208,1383,21081,22464
742148,1970,20401,22371
736135,1459,20387,21846
743349,1811,19475,21286
733129,1307,19585,20892
743503,1377,19445,20822
742213,1803,16023,17826
732123,1411,15969,17380
733201,1216,16069,17285
742304,1342,15730,17072
743376,1171,15750,16921
732102,1430,14746,16176
721150,931,15235,16166
735210,918,15024,15942
732139,1391,13518,14909
733215,1068,13831,14899
743337,859,13815,14674
733156,1062,13418,14480
733121,1082,13332,14414
736157,822,13571,14393
711303,525,13355,13880
735211,638,12767,13405
743368,760,12601,13361
733132,815,12440,13255
723121,747,12179,12926
742136,906,12017,12923
743312,1158,11530,12688
743375,651,11953,12604
732201,1178,11408,12586
743423,644,11866,12510
733128,840,11521,12361
733124,648,11526,12174
736134,784,11332,12116
742133,1029,11084,12113
736121,527,11441,11968
743425,745,11141,11886
742303,900,10954,11854
742189,759,10967,11726
742224,1042,10577,11619
711312,571,10974,11545
736167,620,10922,11542
736146,681,10766,11447
731224,754,10664,11418
700135,548,10666,11214
736159,419,10546,10965
723202,1113,9804,10917
742302,1045,9780,10825
732207,933,9694,10627
711316,428,9981,10409
731221,887,9511,10398
741404,336,9847,10183
743372,428,9502,9930
711401,427,9503,9930
731234,697,9186,9883
735224,700,9167,9867
721127,577,9181,9758
721301,540,8998,9538
722101,625,8884,9509
741126,581,8872,9453
723131,667,8749,9416
723143,815,8597,9412
742166,703,8707,9410
733125,563,8815,9378
743347,686,8629,9315
735204,488,8797,9285
713143,684,8499,9183
732140,695,8448,9143
711315,442,8531,8973
723101,560,8339,8899
721631,1180,7614,8794
736156,335,8349,8684
731204,577,8085,8662
723129,631,7989,8620
721507,607,7975,8582
723212,821,7661,8482
735303,554,7816,8370
731219,639,7669,8308
743399,672,7513,8185
721133,276,7801,8077
743354,457,7548,8005
732124,453,7525,7978
723201,698,7276,7974
743424,371,7556,7927
713101,389,7484,7873
711101,357,7500,7857
723127,741,7090,7831
732138,442,7330,7772
741156,404,7363,7767
721212,561,7149,7710
712149,410,7265,7675
722206,445,7216,7661
736204,428,7225,7653
732205,731,6891,7622
723133,436,7185,7621
733209,427,7191,7618
731220,607,7008,7615
735218,414,7131,7545
742223,719,6673,7392
743235,344,7022,7366
742201,627,6737,7364
722144,489,6862,7351
700024,327,6954,7281
722122,389,6867,7256
721516,403,6663,7066
733141,367,6619,6986
741502,360,6557,6917
736168,364,6534,6898
743456,461,6432,6893
711302,290,6441,6731
723126,459,6267,6726
731237,586,6134,6720
721437,445,6262,6707
721424,463,6232,6695
712404,439,6254,6693
721260,338,6335,6673
743504,298,6358,6656
743442,462,6137,6599
741222,348,6240,6588
722207,525,6053,6578
742163,480,6092,6572
733123,553,5981,6534
700039,277,6233,6510
736172,366,6137,6503
722141,374,6121,6495
713129,515,5923,6438
713146,357,6056,6413
731238,515,5849,6364
732122,354,5990,6344
721102,336,6003,6339
700023,255,6083,6338
743610,294,6010,6304
732126,452,5852,6304
731216,368,5901,6269
723128,656,5590,6246
743126,334,5872,6206
735122,403,5800,6203
741501,271,5926,6197
733127,268,5896,6164
742122,513,5635,6148
741123,326,5788,6114
743330,366,5747,6113
742226,534,5549,6083
700150,297,5773,6070
743383,512,5554,6066
733143,454,5581,6035
741137,448,5587,6035
713513,374,5658,6032
713130,385,5639,6024
723213,673,5338,6011
742305,427,5475,5902
721121,355,5546,5901
732203,533,5330,5863
736202,263,5539,5802
713422,310,5470,5780
736170,274,5453,5727
700137,195,5526,5721
731303,640,5042,5682
743336,373,5307,5680
723152,494,5185,5679
713512,402,5272,5674
741245,223,5414,5637
711322,267,5365,5632
733103,266,5358,5624
721211,331,5282,5613
742308,511,5092,5603
736145,361,5232,5593
741152,300,5284,5584
712401,327,5246,5573
735121,236,5307,5543
742121,313,5183,5496
721201,464,5027,5491
721147,321,5100,5421
721253,302,5099,5401
741103,258,5125,5383
736158,278,5076,5354
743318,247,5084,5331
711410,185,5142,5327
700141,269,5055,5324
743609,293,4990,5283
736131,229,5053,5282
713102,286,4994,5280
741402,128,5120,5248
722205,249,4989,5238
731123,312,4923,5235
732206,379,4826,5205
712410,279,4913,5192
735304,464,4704,5168
742187,414,4743,5157
735220,363,4763,5126
721232,298,4828,5126
700104,231,4891,5122
735132,310,4781,5091
734429,172,4916,5088
743439,146,4939,5085
731222,436,4642,5078
743127,214,4854,5068
734434,232,4835,5067
732210,492,4554,5046
732128,409,4631,5040
743401,259,4773,5032
742134,287,4705,4992
735133,225,4731,4956
735135,236,4714,4950
736165,304,4639,4943
743251,258,4654,4912
736206,235,4675,4910
742301,526,4338,4864
742406,337,4502,4839
721401,275,4561,4836
742237,531,4298,4829
712413,299,4517,4816
732208,364,4442,4806
741102,183,4604,4787
712305,267,4495,4762
713128,333,4412,4745
735217,230,4503,4733
741121,222,4495,4717
743245,311,4402,4713
742401,369,4341,4710
712406,289,4410,4699
721513,270,4429,4699
743387,250,4427,4677
713148,296,4365,4661
743247,247,4388,4635
712405,239,4377,4616
731214,358,4248,4606
736207,140,4466,4606
743373,379,4214,4593
732202,357,4194,4551
721445,286,4254,4540
741201,177,4353,4530
743357,352,4173,4525
713125,320,4202,4522
736133,279,4241,4520
721139,268,4230,4498
723145,263,4227,4490
734301,210,4241,4451
723155,258,4162,4420
721506,432,3987,4419
721101,170,4218,4388
733142,246,4124,4370
736169,209,4154,4363
723153,372,3976,4348
700140,204,4121,4325
713363,259,4066,4325
722138,258,4059,4317
743445,203,4102,4305
736171,220,4071,4291
743426,218,4069,4287
736123,175,4101,4276
721122,198,4072,4270
743513,240,4024,4264
731125,314,3943,4257
722203,188,4031,4219
722143,251,3953,4204
722133,338,3861,4199
713212,219,3947,4166
743363,223,3930,4153
743145,164,3983,4147
735101,121,4016,4137
742165,258,3878,4136
722140,336,3798,4134
742123,336,3780,4116
700018,157,3957,4114
721501,388,3707,4095
723130,347,3713,4060
713424,227,3810,4037
731201,319,3712,4031
733140,206,3819,4025
712123,179,3840,4019
700014,140,3874,4014
734003,179,3824,4003
721429,209,3787,3996
742157,158,3837,3995
742102,242,3750,3992
721135,163,3825,3988
711102,226,3758,3984
722150,266,3709,3975
712403,199,3775,3974
700125,227,3746,3973
712701,252,3713,3965
741235,134,3829,3963
743395,233,3725,3958
743446,252,3693,3945
712148,175,3761,3936
742235,382,3524,3906
742147,284,3615,3899
741101,109,3783,3892
721140,263,3627,3890
713141,290,3572,3862
742212,294,3562,3856
743370,162,3693,3855
734426,189,3646,3835
733133,166,3646,3812
742306,325,3471,3796
734014,132,3636,3768
735202,149,3618,3767
735233,188,3569,3757
713502,311,3439,3750
743422,192,3545,3737
732101,124,3606,3730
733130,210,3482,3692
713145,227,3455,3682
735213,160,3519,3679
735216,163,3495,3658
721431,274,3384,3658
723151,298,3355,3653
721156,214,3428,3642
712302,151,3484,3635
743711,189,3445,3634
743374,193,3430,3623
722151,299,3304,3603
741154,239,3362,3601
700145,179,3418,3597
732204,327,3266,3593
713408,148,3431,3579
711310,168,3407,3575
700103,182,3386,3568
700157,137,3428,3565
743435,167,3398,3565
721305,209,3354,3563
713405,227,3317,3544
722152,279,3238,3517
743286,240,3270,3510
721426,164,3335,3499
734006,137,3347,3484
700119,183,3298,3481
712136,120,3358,3478
722136,285,3190,3475
700061,120,3330,3450
721144,307,3137,3444
743611,270,3153,3423
712706,176,3244,3420
743332,268,3132,3400
721149,186,3205,3391
741122,199,3185,3384
721430,232,3148,3380
735219,172,3207,3379
734001,105,3273,3378
721125,226,3149,3375
743273,191,3177,3368
700006,80,3277,3357
713103,180,3172,3352
721505,283,3067,3350
700124,142,3203,3345
742227,296,3041,3337
741223,162,3159,3321
712306,172,3135,3307
722137,242,3065,3307
721126,158,3147,3305
700046,125,3171,3296
731243,231,3061,3292
736208,104,3187,3291
732121,166,3122,3288
721517,246,3039,3285
736182,116,3167,3283
711106,131,3126,3257
731236,209,3047,3256
742161,216,3040,3256
700015,94,3153,3247
713166,157,3088,3245
741155,231,3012,3243
722134,276,2966,3242
742181,378,2853,3231
700084,162,3063,3225
734427,121,3102,3223
712103,134,3085,3219
722135,258,2949,3207
700054,76,3127,3203
711411,122,3064,3186
732103,137,3048,3185
721129,148,3034,3182
712222,147,3034,3181
700110,100,3077,3177
741124,216,2956,3172
722157,139,3028,3167
700066,122,3044,3166
742159,419,2746,3165
721448,138,3025,3163
743263,153,2994,3147
700028,105,3006,3111
733102,128,2982,3110
736176,107,3001,3108
731213,194,2907,3101
741165,158,2929,3087
713325,156,2929,3085
742132,250,2830,3080
712409,154,2926,3080
712416,153,2908,3061
743262,148,2910,3058
713409,162,2891,3053
700136,141,2906,3047
713403,168,2873,3041
712223,134,2905,3039
712146,134,2903,3037
741163,141,2890,3031
743232,175,2844,3019
721152,206,2799,3005
742149,282,2718,3000
713302,134,2863,2997
700034,121,2876,2997
722155,184,2808,2992
743351,202,2787,2989
723103,249,2734,2983
700122,95,2868,2963
743428,125,2836,2961
741238,154,2792,2946
711314,160,2781,2941
741507,175,2765,2940
742101,117,2821,2938
712415,168,2767,2935
732142,177,2755,2932
723154,245,2680,2925
700128,168,2731,2899
713519,157,2732,2889
700002,110,2778,2888
712614,177,2709,2886
721504,232,2636,2868
743248,129,2738,2867
743704,170,2686,2856
713147,206,2648,2854
700121,166,2680,2846
741249,127,2719,2846
700049,91,2751,2842
721451,204,2634,2838
731302,257,2572,2829
700017,100,2724,2824
731121,193,2630,2823
734005,87,2735,2822
712616,162,2660,2822
712124,107,2703,2810
712122,181,2622,2803
723149,194,2602,2796
721633,241,2549,2790
712613,154,2633,2787
713142,227,2554,2781
700059,80,2691,2771
743427,173,2588,2761
743249,187,2574,2761
713150,204,2556,2760
700016,116,2632,2748
735214,130,2610,2740
700058,159,2571,2730
742168,188,2522,2710
743429,168,2516,2684
743135,120,2558,2678
700126,147,2528,2675
741257,142,2528,2670
742140,163,2503,2666
731240,206,2435,2641
712407,140,2496,2636
743125,137,2498,2635
711414,131,2500,2631
735301,126,2493,2619
742175,165,2453,2618
722121,204,2413,2617
713359,127,2487,2614
721137,190,2405,2595
700152,148,2439,2587
731101,85,2496,2581
700009,62,2518,2580
734101,108,2461,2569
743377,117,2450,2567
743371,265,2297,2562
741125,120,2428,2548
742225,206,2341,2547
743221,139,2407,2546
735221,108,2432,2540
731301,247,2292,2539
711413,106,2425,2531
722164,97,2431,2528
741302,100,2411,2511
723148,162,2348,2510
722132,183,2322,2505
721443,169,2324,2493
700035,118,2373,2491
743438,140,2347,2487
731102,157,2329,2486
713423,145,2337,2482
741248,102,2379,2481
721134,147,2333,2480
723132,161,2317,2478
743378,167,2310,2477
743234,150,2324,2474
700105,113,2351,2464
712602,140,2323,2463
723146,143,2307,2450
700060,95,2353,2448
700063,71,2373,2444
743165,68,2366,2434
735212,158,2275,2433
721222,105,2322,2427
722202,140,2286,2426
711408,75,2347,2422
741317,98,2324,2422
736101,89,2331,2420
721422,163,2252,2415
743252,118,2294,2412
721124,151,2248,2399
735134,72,2326,2398
712134,153,2240,2393
700048,85,2304,2389
721242,163,2224,2387
712303,119,2260,2379
731215,226,2149,2375
742151,284,2091,2375
711227,111,2255,2366
712248,119,2245,2364
736203,178,2182,2360
731124,135,2217,2352
700056,81,2261,2342
721601,210,2132,2342
721439,159,2148,2307
721635,222,2084,2306
734010,106,2194,2300
732209,176,2090,2266
721155,194,2068,2262
721659,164,2092,2256
735230,93,2147,2240
713406,178,2061,2239
731103,148,2082,2230
722154,96,2115,2211
712512,116,2095,2211
713401,100,2111,2211
712304,120,2075,2195
743289,106,2087,2193
721632,231,1961,2192
711403,112,2069,2181
734004,104,2072,2176
732216,144,2032,2176
700051,71,2103,2174
721650,221,1951,2172
712235,62,2107,2169
741140,84,2083,2167
711404,118,2047,2165
733216,72,2092,2164
713335,92,2067,2159
721444,230,1923,2153
721446,171,1981,2152
743166,77,2070,2147
741160,127,2017,2144
735225,116,2027,2143
713213,100,2037,2137
700067,71,2062,2133
713144,94,2037,2131
713514,196,1931,2127
743291,91,2031,2122
713347,76,2034,2110
712412,121,1980,2101
721503,140,1955,2095
711405,98,1994,2092
700065,90,1997,2087
733145,101,1984,2085
735302,128,1957,2085
700042,74,2009,2083
711301,117,1965,2082
700159,55,2024,2079
700102,85,1989,2074
713426,112,1957,2069
735305,207,1860,2067
712408,121,1944,2065
721515,230,1834,2064
743412,90,1971,2061
743348,84,1975,2059
700044,103,1953,2056
742184,149,1907,2056
721458,178,1876,2054
734201,181,1870,2051
711104,89,1961,2050
743222,86,1964,2050
721151,183,1864,2047
735223,80,1955,2035
721628,215,1819,2034
742405,179,1852,2031
700147,97,1931,2028
713151,127,1898,2025
700033,62,1960,2022
722161,97,1919,2016
712311,107,1906,2013
713122,109,1895,2004
721157,176,1826,2002
741157,133,1866,1999
741150,104,1893,1997
743270,160,1837,1997
712501,127,1865,1992
743293,80,1910,1990
712250,105,1875,1980
722158,109,1865,1974
711109,117,1856,1973
721642,255,1715,1970
731126,123,1830,1953
721304,117,1834,1951
732127,165,1785,1950
713321,139,1811,1950
731127,144,1796,1940
721641,168,1745,1913
735206,89,1822,1911
712502,115,1793,1908
713339,115,1792,1907
722102,111,1795,1906
700055,72,1832,1904
700036,65,1838,1903
700129,69,1833,1902
742138,119,1782,1901
700053,73,1828,1901
722148,151,1747,1898
721435,120,1776,1896
700144,80,1814,1894
721436,120,1769,1889
721146,154,1730,1884
713301,62,1811,1873
712414,99,1771,1870
713205,110,1759,1869
700078,57,1802,1859
712417,106,1747,1853
736201,80,1772,1852
711204,82,1764,1846
721136,87,1758,1845
722149,87,1757,1844
711226,119,1724,1843
741255,85,1758,1843
712503,80,1752,1832
723102,130,1702,1832
711114,103,1717,1820
700070,78,1737,1815
721159,68,1745,1813
721636,108,1704,1812
731245,156,1651,1807
721648,187,1619,1806
736179,82,1721,1803
733213,81,1705,1786
733126,77,1704,1781
734009,104,1676,1780
721148,108,1668,1776
733214,97,1676,1773
743292,98,1666,1764
700026,54,1710,1764
700019,49,1704,1753
743272,97,1656,1753
712102,87,1663,1750
700156,112,1638,1750
713428,146,1591,1737
721457,97,1632,1729
743271,96,1632,1728
713121,114,1613,1727
743290,101,1626,1727
742104,113,1607,1720
743437,68,1651,1719
700094,63,1655,1718
721447,106,1605,1711
700007,65,1638,1703
700149,71,1630,1701
736175,96,1600,1696
733101,71,1622,1693
721456,140,1551,1691
722145,68,1619,1687
712601,93,1593,1686
742404,131,1554,1685
734012,83,1598,1681
713407,79,1600,1679
743710,112,1565,1677
731130,108,1565,1673
711409,51,1622,1673
722173,151,1519,1670
741164,115,1553,1668
713126,132,1533,1665
700154,72,1589,1661
721442,127,1525,1652
736160,34,1616,1650
721654,163,1485,1648
713152,141,1504,1645
741161,69,1575,1644
741158,71,1570,1641
721454,119,1518,1637
721441,134,1498,1632
721128,93,1535,1628
722162,124,1500,1624
712221,109,1514,1623
735215,46,1571,1617
712301,65,1542,1607
700047,33,1569,1602
743287,131,1466,1597
700027,43,1548,1591
721433,95,1495,1590
700123,72,1511,1583
741316,84,1493,1577
721634,99,1476,1575
731233,118,1445,1563
741315,41,1519,1560
713378,64,1493,1557
712101,59,1496,1555
743294,83,1472,1555
741247,70,1479,1549
731241,110,1435,1545
712147,73,1470,1543
700008,52,1487,1539
700011,32,1505,1537
712203,61,1469,1530
741202,60,1467,1527
721467,137,1389,1526
713343,55,1463,1518
721645,142,1373,1515
711103,84,1428,1512
721649,126,1382,1508
723147,99,1399,1498
736132,94,1397,1491
712402,106,1383,1489
741504,70,1404,1474
743144,37,1436,1473
713334,86,1380,1466
733211,55,1407,1462
743331,86,1376,1462
721166,141,1316,1457
721432,124,1333,1457
700032,31,1426,1457
711309,66,1382,1448
734008,103,1344,1447
721656,173,1272,1445
700099,79,1351,1430
721145,70,1356,1426
713338,135,1291,1426
721652,170,1250,1420
722208,81,1338,1419
713131,92,1324,1416
713346,95,1320,1415
713123,105,1308,1413
721626,105,1308,1413
700111,64,1327,1391
700131,57,1329,1386
741167,63,1321,1384
700040,55,1322,1377
743297,87,1285,1372
711313,65,1305,1370
734203,56,1305,1361
734102,71,1289,1360
721427,91,1267,1358
721629,103,1255,1358
735222,56,1298,1354
700057,83,1265,1348
700113,40,1299,1339
713315,90,1248,1338
742103,54,1281,1335
700075,33,1293,1326
712246,47,1278,1325
721258,73,1249,1322
743507,72,1246,1318
731244,99,1218,1317
700120,54,1261,1315
712615,92,1222,1314
721452,86,1225,1311
700138,37,1274,1311
713427,59,1252,1311
713421,61,1250,1311
741127,51,1244,1295
743133,44,1236,1280
700082,43,1230,1273
735102,36,1236,1272
713322,90,1179,1269
732141,55,1210,1265
712135,75,1189,1264
711412,61,1203,1264
731242,102,1156,1258
712611,60,1196,1256
713203,97,1159,1256
736122,55,1200,1255
722146,77,1173,1250
721143,120,1127,1247
700132,37,1207,1244
713201,79,1160,1239
700030,30,1208,1238
733144,88,1144,1232
713124,53,1174,1227
741508,70,1154,1224
722160,97,1125,1222
711202,52,1169,1221
731132,76,1145,1221
713104,70,1150,1220
735203,77,1136,1213
700130,37,1173,1210
742137,62,1148,1210
741138,65,1140,1205
731104,78,1127,1205
713303,52,1150,1202
712617,64,1137,1201
735228,58,1128,1186
700037,23,1160,1183
721440,90,1091,1181
721455,84,1095,1179
741301,33,1145,1178
741181,90,1086,1176
721423,80,1096,1176
712233,34,1138,1172
713204,70,1102,1172
722142,91,1067,1158
713140,98,1060,1158
731129,82,1076,1158
711112,41,1115,1156
721653,90,1061,1151
713362,57,1094,1151
741506,77,1072,1149
722139,88,1057,1145
712612,49,1088,1137
700029,30,1105,1135
722156,101,1022,1123
721306,70,1052,1122
700010,44,1074,1118
700074,36,1082,1118
721420,76,1041,1117
711107,69,1038,1107
722153,39,1063,1102
712707,67,1033,1100
741505,91,1002,1093
721603,154,938,1092
700114,27,1057,1084
713336,22,1061,1083
742402,58,1023,1081
700090,39,1031,1070
713337,72,997,1069
712232,45,1016,1061
700108,35,1023,1058
721165,80,972,1052
742232,76,976,1052
721160,86,965,1051
743233,49,1000,1049
736174,72,976,1048
721131,80,962,1042
721658,110,921,1031
712125,64,967,1031
721130,45,978,1023
722201,65,958,1023
713333,30,990,1020
732150,63,956,1019
736173,61,957,1018
723157,48,964,1012
721154,66,945,1011
734007,44,966,1010
731133,56,953,1009
736177,31,976,1007
734312,47,953,1000
713515,56,941,997
712702,25,965,990
713206,53,931,984
741313,50,933,983
743613,66,914,980
732211,70,905,975
712202,51,922,973
713304,20,948,968
721655,56,911,967
734013,39,922,961
721602,79,878,957
721627,57,900,957
700005,30,919,949
711201,35,913,948
700118,34,906,940
713127,70,868,938
736180,29,909,938
743391,33,902,935
713358,39,896,935
741503,44,891,935
721453,80,853,933
713404,41,885,926
711307,59,860,919
700031,19,897,916
700109,27,889,916
711203,45,869,914
742171,54,855,909
711205,46,862,908
734501,29,879,908
741253,54,851,905
721153,72,833,905
721657,81,821,902
713324,42,851,893
721647,82,809,891
712138,47,842,889
700012,18,871,889
712201,41,846,887
723156,38,848,886
712308,44,839,883
700139,37,843,880
700100,52,820,872
721646,72,799,871
721651,89,781,870
732214,55,796,851
741162,52,798,850
700064,17,832,849
700025,12,835,847
734423,22,824,846
700004,16,828,844
734015,31,813,844
721425,60,783,843
711110,50,786,836
713149,38,795,833
741401,33,800,833
741153,61,768,829
700092,21,805,826
733157,67,758,825
712513,32,788,820
713373,28,781,809
734104,49,759,808
700041,22,782,804
731223,50,744,794
734209,39,755,794
700093,19,764,783
734314,49,731,780
713381,38,727,765
712104,36,718,754
741250,30,723,753
736166,28,719,747
735208,10,736,746
735209,27,717,744
700052,42,701,743
733212,47,694,741
735207,26,714,740
700107,25,706,731
743701,25,704,729
713420,35,692,727
736205,42,683,725
713323,44,676,720
700155,19,696,715
712704,31,683,714
721449,64,649,713
711306,26,686,712
721434,55,656,711
732212,72,639,711
700050,18,690,708
712515,48,659,707
721625,65,638,703
712310,23,677,700
712137,37,662,699
721644,77,615,692
721450,41,648,689
743411,21,665,686
735140,41,645,686
743345,36,649,685
741254,32,652,684
743134,27,656,683
734311,76,606,682
700079,23,657,680
700038,31,646,677
735231,44,626,670
733252,36,628,664
700151,38,625,663
743122,14,649,663
742190,17,636,653
721502,59,590,649
700142,21,626,647
732147,62,583,645
741251,54,590,644
713357,31,611,642
700162,36,604,640
713360,27,612,639
712249,46,593,639
711308,50,587,637
713430,38,599,637
700073,21,612,633
734214,15,614,629
734316,30,599,629
713154,48,580,628
713330,30,591,621
700117,22,595,617
712234,36,579,615
722204,28,585,613
722112,14,599,613
711416,22,591,613
733158,38,569,607
734105,31,574,605
743129,26,576,602
700020,20,579,599
721252,22,577,599
742174,29,567,596
711113,26,567,593
743601,36,552,588
700153,27,559,586
741139,22,559,581
723214,48,531,579
713368,44,532,576
741234,20,556,576
734503,30,543,573
712258,19,552,571
743136,20,549,569
741159,28,538,566
713434,47,519,566
713340,37,523,560
712139,21,537,558
700115,24,533,557
700143,26,530,556
700088,25,531,556
741232,13,543,556
741151,16,539,555
700101,11,543,554
700112,15,534,549
743396,47,500,547
700085,21,525,546
713501,30,513,543
743398,29,514,543
722175,39,503,542
700045,21,519,540
700127,28,511,539
731202,39,497,536
736118,11,518,529
732143,14,513,527
731235,41,486,527
712152,10,509,519
711108,17,496,513
723215,37,476,513
735229,14,498,512
735205,14,492,506
736181,17,488,505
733155,11,493,504
713371,22,478,500
741509,21,478,499
711304,24,475,499
711415,11,484,495
733151,28,463,491
721158,27,463,490
735226,24,464,488
711326,25,461,486
721438,31,450,481
722147,34,447,481
712245,20,454,474
722182,12,456,468
743128,4,464,468
742180,60,405,465
723216,28,433,461
712705,35,423,458
742231,30,426,456
733149,16,439,455
734223,8,443,451
712121,22,426,448
743702,44,399,443
733153,10,430,440
700091,21,418,439
733150,5,433,438
735227,36,402,438
713341,20,415,435
742182,41,393,434
721518,15,417,432
712411,16,413,429
743384,12,416,428
721643,33,394,427
700096,12,413,425
711317,20,403,423
735139,29,394,423
721428,12,409,421
734011,33,388,421
712204,18,401,419
700003,10,407,417
713210,18,397,415
734217,28,379,407
700083,12,394,406
741256,14,392,406
713384,21,381,402
735136,26,376,402
721161,23,378,401
713167,39,362,401
734216,26,369,395
722180,18,376,394
735137,13,380,393
713211,19,368,387
700086,6,380,386
722172,14,370,384
743405,27,355,382
743193,23,359,382
713425,16,364,380
712708,14,365,379
734221,27,350,377
713207,21,356,377
722177,20,354,374
741221,8,366,374
713370,21,353,374
735138,9,364,373
743385,22,349,371
733154,4,367,371
700148,15,353,368
742185,13,355,368
713168,18,349,367
713331,28,333,361
711105,17,344,361
734226,16,344,360
712247,12,347,359
700077,8,350,358
700089,13,335,348
742177,19,327,346
742164,30,315,345
734222,22,322,344
711225,17,326,343
700081,13,330,343
713202,18,325,343
721668,26,315,341
734213,27,314,341
713385,20,321,341
742229,36,305,341
732213,27,314,341
734313,24,313,337
743130,7,329,336
735235,41,293,334
721514,26,306,332
712514,17,313,330
711111,16,312,328
700146,18,308,326
722171,33,291,324
735306,37,286,323
700013,5,317,322
713216,19,302,321
713153,26,294,320
712105,4,311,315
721607,34,280,314
734224,17,297,314
742179,38,274,312
713364,4,308,312
721172,26,285,311
741319,10,296,306
700043,15,291,306
742162,10,295,305
713344,11,291,302
700116,4,297,301
700001,12,286,298
722169,9,284,293
723162,15,277,292
742403,17,273,290
732144,18,272,290
713332,20,270,290
734215,16,272,288
721169,13,274,287
723168,37,247,284
721254,28,254,282
721141,42,238,280
735234,17,262,279
742176,14,265,279
734319,26,251,277
723163,11,264,275
734431,6,268,274
741246,16,256,272
700098,4,267,271
712424,24,247,271
713156,17,253,270
700076,15,253,268
713172,12,253,265
723160,25,239,264
743123,5,258,263
734315,19,244,263
711305,13,250,263
722179,14,247,261
713305,10,248,258
712428,11,247,258
722163,21,237,258
713208,11,246,257
743606,32,225,257
742234,34,223,257
712420,7,248,255
700106,16,233,249
743223,11,237,248
722174,13,234,247
723142,23,222,245
723144,12,231,243
743194,11,231,242
713157,12,228,240
733131,4,235,239
713518,15,221,236
721257,14,221,235
713169,11,221,232
713217,10,221,231
721464,13,214,227
700161,17,207,224
722176,20,200,220
721630,29,185,214
711328,2,212,214
722165,9,203,212
713386,6,205,211
721466,13,196,209
742178,22,185,207
711206,19,184,203
721123,16,187,203
734220,18,184,202
712426,9,193,202
742160,20,179,199
713215,12,187,199
742307,27,170,197
713155,14,181,195
741166,14,180,194
713517,8,182,190
722209,4,186,190
742238,16,174,190
713158,5,183,188
735236,13,171,184
713383,6,178,184
722110,18,163,181
712429,13,165,178
734436,12,165,177
700160,15,160,175
700133,6,169,175
700095,8,167,175
700068,9,166,175
711115,8,165,173
713361,18,155,173
722111,14,158,172
713160,10,161,171
700080,4,164,168
712504,2,164,166
721170,10,155,165
713377,15,148,163
713170,13,148,161
722168,7,153,160
713342,5,153,158
742407,11,147,158
734121,8,149,157
712422,7,147,154
742188,8,146,154
722183,19,134,153
700097,5,147,152
711325,7,144,151
721463,13,133,146
721666,9,134,143
734317,2,140,142
742139,8,133,141
732215,9,132,141
713429,7,133,140
743268,3,136,139
713219,1,138,139
722181,8,129,137
713165,8,128,136
742191,6,129,135
713173,17,116,133
743195,8,124,132
713218,9,122,131
721256,12,118,130
713432,11,119,130
742170,7,122,129
721168,8,120,128
721461,2,125,127
733148,9,118,127
713516,6,118,124
721605,8,115,123
721665,14,109,123
713209,1,122,123
700022,1,119,120
734227,2,118,120
713367,12,106,118
734502,5,111,116
734123,5,111,116
743356,11,105,116
722166,14,101,115
742230,10,105,115
713380,2,112,114
713369,7,105,112
722107,9,102,111
734218,0,111,111
722178,13,95,108
721663,12,94,106
713214,9,95,104
713376,4,97,101
721670,8,92,100
700087,2,98,100
713372,4,94,98
742173,9,89,98
721664,12,85,97
713326,5,84,89
735201,5,82,87
700134,1,85,86
742113,26,59,85
700071,3,82,85
712419,5,79,84
700072,6,77,83
721669,6,75,81
721302,2,76,78
743390,4,73,77
742172,10,66,76
734124,5,70,75
700163,0,73,73
713365,1,70,71
734122,2,64,66
731131,1,65,66
721667,4,59,63
723164,5,58,63
743392,9,54,63
700158,5,58,63
735307,4,57,61
713162,4,56,60
722170,4,55,59
756084,0,58,58
713433,7,49,56
733147,6,49,55
734204,5,47,52
721604,0,49,49
742220,8,41,49
731251,1,47,48
721171,1,46,47
734320,2,44,46
712418,5,40,45
743246,6,39,45
734321,1,42,43
731239,2,39,41
734424,0,41,41
723161,1,37,38
742236,3,33,36
734103,0,35,35
713520,0,33,33
742150,1,32,33
721142,3,29,32
712157,0,30,30
721465,1,29,30
713402,1,29,30
734002,2,26,28
742131,2,24,26
721132,3,21,24
742183,1,23,24
721167,0,23,23
731218,3,20,23
712156,1,21,22
723135,0,22,22
735237,0,22,22
713171,1,20,21
743603,2,18,20
723158,2,16,18
711324,0,18,18
741225,1,17,18
700021,0,18,18
700069,0,18,18
735238,0,18,18
734425,0,17,17
733139,0,17,17
742109,0,16,16
731128,0,14,14
712158,0,14,14
700062,1,12,13
741252,0,12,12
721303,0,12,12
731139,0,10,10
734421,0,9,9
723104,1,8,9
734401,0,8,8
721462,2,6,8
743389,4,3,7
743124,2,3,5
731203,0,4,4
721460,0,4,4
713310,0,4,4
743441,0,4,4
742000,0,4,4
743414,0,4,4
721606,1,3,4
731253,0,3,3
743304,0,3,3
737133,1,2,3
743413,0,2,2
743274,0,2,2
731255,0,2,2
731304,1,0,1
735232,0,1,1
742286,0,1,1
713375,0,1,1
721138,0,1,1
711321,0,1,1
